{"cameraMode":{"drawMode":0,"name":"Shaded","section":"Shading Mode"},"sceneLighting":false,"audioPlay":false,"sceneViewState":{"showFog":true,"showMaterialUpdate":false,"showSkybox":true,"showFlares":true,"showImageEffects":true,"showParticleSystems":true},"in2DMode":false,"pivot":{"x":0.17101001739501954,"y":0.469846248626709,"z":0.0},"rotation":{"x":-0.021424809470772744,"y":0.8592551350593567,"z":-0.036110032349824908,"w":-0.5098212361335754},"size":48.258567810058597,"orthographic":true}