{"cameraMode":{"drawMode":0,"name":"Shaded","section":"Shading Mode"},"sceneLighting":true,"audioPlay":false,"sceneViewState":{"showFog":true,"showMaterialUpdate":false,"showSkybox":true,"showFlares":true,"showImageEffects":true,"showParticleSystems":true},"in2DMode":false,"pivot":{"x":0.4477386474609375,"y":1.23046875,"z":3.1787109375},"rotation":{"x":-0.0014365112874656916,"y":0.9927371740341187,"z":-0.11970359832048416,"w":-0.011913419701159},"size":17.129606246948243,"orthographic":true}