{"cameraMode":{"drawMode":0,"name":"Shaded","section":"Shading Mode"},"sceneLighting":true,"audioPlay":false,"sceneViewState":{"showFog":true,"showMaterialUpdate":false,"showSkybox":true,"showFlares":true,"showImageEffects":true,"showParticleSystems":true},"in2DMode":false,"pivot":{"x":0.17101001739501954,"y":0.469846248626709,"z":0.0},"rotation":{"x":0.19201786816120149,"y":-0.5964734554290772,"z":0.14988848567008973,"w":0.7647757530212402},"size":14.806540489196778,"orthographic":true}