{"cameraMode":{"drawMode":0,"name":"Shaded","section":"Shading Mode"},"sceneLighting":true,"audioPlay":false,"sceneViewState":{"showFog":true,"showMaterialUpdate":false,"showSkybox":true,"showFlares":true,"showImageEffects":true,"showParticleSystems":true},"in2DMode":false,"pivot":{"x":-0.17101049423217774,"y":0.4698467254638672,"z":0.0},"rotation":{"x":-0.19285407662391663,"y":-0.056777916848659518,"z":0.01117884274572134,"w":-0.9795196056365967},"size":12.25859260559082,"orthographic":true}