{"cameraMode":{"drawMode":0,"name":"Shaded","section":"Shading Mode"},"sceneLighting":true,"audioPlay":false,"sceneViewState":{"showFog":true,"showMaterialUpdate":false,"showSkybox":true,"showFlares":true,"showImageEffects":true,"showParticleSystems":true},"in2DMode":false,"pivot":{"x":10.802014350891114,"y":3.2265076637268068,"z":-6.166784286499023},"rotation":{"x":0.13176076114177705,"y":-0.5542577505111694,"z":0.08938510715961456,"w":0.8169747591018677},"size":14.81580924987793,"orthographic":true}